Method,Job,AnalyzeLaunchVariance,EvaluateOverhead,MaxAbsoluteError,MaxRelativeError,MinInvokeCount,MinIterationTime,OutlierMode,Affinity,EnvironmentVariables,Jit,LargeAddressAware,Platform,PowerPlanMode,Runtime,AllowVeryLargeObjects,Concurrent,CpuGroups,Force,HeapAffinitizeMask,HeapCount,NoAffinitize,RetainVm,Server,Arguments,BuildConfiguration,Clock,EngineFactory,NuGetReferences,Toolchain,IsMutator,InvocationCount,IterationCount,IterationTime,LaunchCount,MaxIterationCount,MaxWarmupIterationCount,MemoryRandomization,MinIterationCount,MinWarmupIterationCount,RunStrategy,UnrollFactor,WarmupCount,Categories,ObservationCount,Mean,Error,StdDev,Gen0,Gen1,Allocated
GetAggregatedMetrics,Job-NEKVUD,False,Default,Default,Default,Default,Default,Default,1111111111111111,Empty,RyuJit,Default,X64,8c5e7fda-e8bf-4a96-9a85-a6e23a8c635c,.NET 10.0,False,True,False,True,Default,Default,False,False,False,Default,Default,Default,Default,Default,Default,Default,Default,Default,Default,Default,25,10,Default,15,3,Default,16,Default,Aggregate,100,13.88 μs,0.743 μs,0.966 μs,5.0049,0.5493,40.94 KB
GetAggregatedMetrics_AfterEviction,Job-NEKVUD,False,Default,Default,Default,Default,Default,Default,1111111111111111,Empty,RyuJit,Default,X64,8c5e7fda-e8bf-4a96-9a85-a6e23a8c635c,.NET 10.0,False,True,False,True,Default,Default,False,False,False,Default,Default,Default,Default,Default,Default,Default,Default,Default,Default,Default,25,10,Default,15,3,Default,16,Default,Aggregate,100,13.06 μs,0.455 μs,0.542 μs,5.0049,0.5493,40.94 KB
GetAggregatedMetrics,Job-NEKVUD,False,Default,Default,Default,Default,Default,Default,1111111111111111,Empty,RyuJit,Default,X64,8c5e7fda-e8bf-4a96-9a85-a6e23a8c635c,.NET 10.0,False,True,False,True,Default,Default,False,False,False,Default,Default,Default,Default,Default,Default,Default,Default,Default,Default,Default,25,10,Default,15,3,Default,16,Default,Aggregate,1000,123.61 μs,10.147 μs,13.546 μs,34.1797,16.4795,280 KB
GetAggregatedMetrics_AfterEviction,Job-NEKVUD,False,Default,Default,Default,Default,Default,Default,1111111111111111,Empty,RyuJit,Default,X64,8c5e7fda-e8bf-4a96-9a85-a6e23a8c635c,.NET 10.0,False,True,False,True,Default,Default,False,False,False,Default,Default,Default,Default,Default,Default,Default,Default,Default,Default,Default,25,10,Default,15,3,Default,16,Default,Aggregate,1000,105.20 μs,1.602 μs,1.338 μs,34.1797,16.4795,280 KB
GetAggregatedMetrics,Job-NEKVUD,False,Default,Default,Default,Default,Default,Default,1111111111111111,Empty,RyuJit,Default,X64,8c5e7fda-e8bf-4a96-9a85-a6e23a8c635c,.NET 10.0,False,True,False,True,Default,Default,False,False,False,Default,Default,Default,Default,Default,Default,Default,Default,Default,Default,Default,25,10,Default,15,3,Default,16,Default,Aggregate,10000,"1,446.75 μs",97.911 μs,130.708 μs,326.1719,107.4219,2670.63 KB
GetAggregatedMetrics_AfterEviction,Job-NEKVUD,False,Default,Default,Default,Default,Default,Default,1111111111111111,Empty,RyuJit,Default,X64,8c5e7fda-e8bf-4a96-9a85-a6e23a8c635c,.NET 10.0,False,True,False,True,Default,Default,False,False,False,Default,Default,Default,Default,Default,Default,Default,Default,Default,Default,Default,25,10,Default,15,3,Default,16,Default,Aggregate,10000,"1,438.13 μs",64.974 μs,86.739 μs,326.1719,107.4219,2670.63 KB
RecordObservations,Job-NEKVUD,False,Default,Default,Default,Default,Default,Default,1111111111111111,Empty,RyuJit,Default,X64,8c5e7fda-e8bf-4a96-9a85-a6e23a8c635c,.NET 10.0,False,True,False,True,Default,Default,False,False,False,Default,Default,Default,Default,Default,Default,Default,Default,Default,Default,Default,25,10,Default,15,3,Default,16,Default,Record,100,14.62 μs,1.672 μs,2.232 μs,4.6387,0.5035,37.91 KB
RecordObservations,Job-NEKVUD,False,Default,Default,Default,Default,Default,Default,1111111111111111,Empty,RyuJit,Default,X64,8c5e7fda-e8bf-4a96-9a85-a6e23a8c635c,.NET 10.0,False,True,False,True,Default,Default,False,False,False,Default,Default,Default,Default,Default,Default,Default,Default,Default,Default,Default,25,10,Default,15,3,Default,16,Default,Record,1000,120.28 μs,5.032 μs,6.717 μs,33.8135,16.8457,276.97 KB
RecordObservations,Job-NEKVUD,False,Default,Default,Default,Default,Default,Default,1111111111111111,Empty,RyuJit,Default,X64,8c5e7fda-e8bf-4a96-9a85-a6e23a8c635c,.NET 10.0,False,True,False,True,Default,Default,False,False,False,Default,Default,Default,Default,Default,Default,Default,Default,Default,Default,Default,25,10,Default,15,3,Default,16,Default,Record,10000,"1,348.17 μs",75.258 μs,95.177 μs,326.1719,107.4219,2667.59 KB
