Method,Job,AnalyzeLaunchVariance,EvaluateOverhead,MaxAbsoluteError,MaxRelativeError,MinInvokeCount,MinIterationTime,OutlierMode,Affinity,EnvironmentVariables,Jit,LargeAddressAware,Platform,PowerPlanMode,Runtime,AllowVeryLargeObjects,Concurrent,CpuGroups,Force,HeapAffinitizeMask,HeapCount,NoAffinitize,RetainVm,Server,Arguments,BuildConfiguration,Clock,EngineFactory,NuGetReferences,Toolchain,IsMutator,InvocationCount,IterationCount,IterationTime,LaunchCount,MaxIterationCount,MaxWarmupIterationCount,MemoryRandomization,MinIterationCount,MinWarmupIterationCount,RunStrategy,UnrollFactor,WarmupCount,ItemCount,QueryDelayMs,Mean,Error,StdDev,Ratio,RatioSD,Gen0,Gen1,Allocated,Alloc Ratio
NoDelay_ParallelPrefetch,Job-NEKVUD,False,Default,Default,Default,Default,Default,Default,1111111111111111,Empty,RyuJit,Default,X64,8c5e7fda-e8bf-4a96-9a85-a6e23a8c635c,.NET 10.0,False,True,False,True,Default,Default,False,False,False,Default,Default,Default,Default,Default,Default,Default,Default,Default,Default,Default,25,10,Default,15,3,Default,16,Default,50,0,815.2 μs,42.37 μs,50.43 μs,1.00,0.08,82.0313,7.8125,672.51 KB,1.00
WithDelay_ParallelPrefetch,Job-NEKVUD,False,Default,Default,Default,Default,Default,Default,1111111111111111,Empty,RyuJit,Default,X64,8c5e7fda-e8bf-4a96-9a85-a6e23a8c635c,.NET 10.0,False,True,False,True,Default,Default,False,False,False,Default,Default,Default,Default,Default,Default,Default,Default,Default,Default,Default,25,10,Default,15,3,Default,16,Default,50,0,868.1 μs,54.29 μs,70.60 μs,1.07,0.10,89.8438,1.9531,742.46 KB,1.10
WithDelay_Concurrent4_ParallelPrefetch,Job-NEKVUD,False,Default,Default,Default,Default,Default,Default,1111111111111111,Empty,RyuJit,Default,X64,8c5e7fda-e8bf-4a96-9a85-a6e23a8c635c,.NET 10.0,False,True,False,True,Default,Default,False,False,False,Default,Default,Default,Default,Default,Default,Default,Default,Default,Default,Default,25,10,Default,15,3,Default,16,Default,50,0,"3,313.1 μs",187.45 μs,230.20 μs,4.08,0.36,363.2813,7.8125,2970.05 KB,4.42
NoDelay_ParallelPrefetch,Job-NEKVUD,False,Default,Default,Default,Default,Default,Default,1111111111111111,Empty,RyuJit,Default,X64,8c5e7fda-e8bf-4a96-9a85-a6e23a8c635c,.NET 10.0,False,True,False,True,Default,Default,False,False,False,Default,Default,Default,Default,Default,Default,Default,Default,Default,Default,Default,25,10,Default,15,3,Default,16,Default,50,1,778.0 μs,27.86 μs,35.24 μs,1.00,0.06,82.0313,7.8125,672.51 KB,1.00
WithDelay_ParallelPrefetch,Job-NEKVUD,False,Default,Default,Default,Default,Default,Default,1111111111111111,Empty,RyuJit,Default,X64,8c5e7fda-e8bf-4a96-9a85-a6e23a8c635c,.NET 10.0,False,True,False,True,Default,Default,False,False,False,Default,Default,Default,Default,Default,Default,Default,Default,Default,Default,Default,25,10,Default,15,3,Default,16,Default,50,1,"185,478.6 μs","2,411.54 μs","2,255.75 μs",238.88,10.82,0.0000,0.0000,680.65 KB,1.01
WithDelay_Concurrent4_ParallelPrefetch,Job-NEKVUD,False,Default,Default,Default,Default,Default,Default,1111111111111111,Empty,RyuJit,Default,X64,8c5e7fda-e8bf-4a96-9a85-a6e23a8c635c,.NET 10.0,False,True,False,True,Default,Default,False,False,False,Default,Default,Default,Default,Default,Default,Default,Default,Default,Default,Default,25,10,Default,15,3,Default,16,Default,50,1,"186,478.4 μs",586.78 μs,548.88 μs,240.17,10.53,333.3333,0.0000,2742.88 KB,4.08
NoDelay_ParallelPrefetch,Job-NEKVUD,False,Default,Default,Default,Default,Default,Default,1111111111111111,Empty,RyuJit,Default,X64,8c5e7fda-e8bf-4a96-9a85-a6e23a8c635c,.NET 10.0,False,True,False,True,Default,Default,False,False,False,Default,Default,Default,Default,Default,Default,Default,Default,Default,Default,Default,25,10,Default,15,3,Default,16,Default,50,5,966.0 μs,38.41 μs,51.28 μs,1.00,0.07,82.0313,7.8125,672.5 KB,1.00
WithDelay_ParallelPrefetch,Job-NEKVUD,False,Default,Default,Default,Default,Default,Default,1111111111111111,Empty,RyuJit,Default,X64,8c5e7fda-e8bf-4a96-9a85-a6e23a8c635c,.NET 10.0,False,True,False,True,Default,Default,False,False,False,Default,Default,Default,Default,Default,Default,Default,Default,Default,Default,Default,25,10,Default,15,3,Default,16,Default,50,5,"186,525.7 μs","1,064.02 μs",995.28 μs,193.60,9.76,0.0000,0.0000,680.65 KB,1.01
WithDelay_Concurrent4_ParallelPrefetch,Job-NEKVUD,False,Default,Default,Default,Default,Default,Default,1111111111111111,Empty,RyuJit,Default,X64,8c5e7fda-e8bf-4a96-9a85-a6e23a8c635c,.NET 10.0,False,True,False,True,Default,Default,False,False,False,Default,Default,Default,Default,Default,Default,Default,Default,Default,Default,Default,25,10,Default,15,3,Default,16,Default,50,5,"186,597.6 μs",724.49 μs,677.69 μs,193.67,9.73,333.3333,0.0000,2717.27 KB,4.04
